{
  "response": {
    "ack": true,
    "person_id": 1326847395,
    "albums": [
      {
        "title": "WWDC 2011",
        "index": 1,
        "sets": [
          {
            "1024": {
              "url": "/wwdc-services/cy4p09ns/photos/01_WWDC_2011/1024_001_EW3C1562.jpg",
              "description": null,
              "time": 1364071588,
              "size": 306121
            },
            "150": {
              "url": "/wwdc-services/cy4p09ns/photos/01_WWDC_2011/150_001_EW3C1562.jpg",
              "description": null,
              "time": 1364071588,
              "size": 29100
            },
            "170": {
              "url": "/wwdc-services/cy4p09ns/photos/01_WWDC_2011/170_001_EW3C1562.jpg",
              "description": null,
              "time": 1364071589,
              "size": 16839
            },
            "2048": {
              "url": "/wwdc-services/cy4p09ns/photos/01_WWDC_2011/2048_001_EW3C1562.jpg",
              "description": null,
              "time": 1364071592,
              "size": 1000691
            },
            "340": {
              "url": "/wwdc-services/cy4p09ns/photos/01_WWDC_2011/340_001_EW3C1562.jpg",
              "description": null,
              "time": 1364071589,
              "size": 45250
            },
            "480": {
              "url": "/wwdc-services/cy4p09ns/photos/01_WWDC_2011/480_001_EW3C1562.jpg",
              "description": null,
              "time": 1364071593,
              "size": 80835
            },
            "75": {
              "url": "/wwdc-services/cy4p09ns/photos/01_WWDC_2011/75_001_EW3C1562.jpg",
              "description": null,
              "time": 1364071589,
              "size": 12553
            },
            "960": {
              "url": "/wwdc-services/cy4p09ns/photos/01_WWDC_2011/960_001_EW3C1562.jpg",
              "description": null,
              "time": 1364071591,
              "size": 273681
            }
          },
          {
            "1024": {
              "url": "/wwdc-services/cy4p09ns/photos/01_WWDC_2011/1024_002_EW3C1501.jpg",
              "description": null,
              "time": 1364071591,
              "size": 227601
            },
            "150": {
              "url": "/wwdc-services/cy4p09ns/photos/01_WWDC_2011/150_002_EW3C1501.jpg",
              "description": null,
              "time": 1364071591,
              "size": 28468
            },
            "170": {
              "url": "/wwdc-services/cy4p09ns/photos/01_WWDC_2011/170_002_EW3C1501.jpg",
              "description": null,
              "time": 1364071593,
              "size": 17966
            },
            "2048": {
              "url": "/wwdc-services/cy4p09ns/photos/01_WWDC_2011/2048_002_EW3C1501.jpg",
              "description": null,
              "time": 1364071590,
              "size": 698969
            },
            "340": {
              "url": "/wwdc-services/cy4p09ns/photos/01_WWDC_2011/340_002_EW3C1501.jpg",
              "description": null,
              "time": 1364071593,
              "size": 44482
            },
            "480": {
              "url": "/wwdc-services/cy4p09ns/photos/01_WWDC_2011/480_002_EW3C1501.jpg",
              "description": null,
              "time": 1364071591,
              "size": 71384
            },
            "75": {
              "url": "/wwdc-services/cy4p09ns/photos/01_WWDC_2011/75_002_EW3C1501.jpg",
              "description": null,
              "time": 1364071588,
              "size": 12663
            },
            "960": {
              "url": "/wwdc-services/cy4p09ns/photos/01_WWDC_2011/960_002_EW3C1501.jpg",
              "description": null,
              "time": 1364071589,
              "size": 205489
            }
          },
          {
            "1024": {
              "url": "/wwdc-services/cy4p09ns/photos/01_WWDC_2011/1024_003_EW3C1497.jpg",
              "description": null,
              "time": 1364071590,
              "size": 281521
            },
            "150": {
              "url": "/wwdc-services/cy4p09ns/photos/01_WWDC_2011/150_003_EW3C1497.jpg",
              "description": null,
              "time": 1364071590,
              "size": 31403
            },
            "170": {
              "url": "/wwdc-services/cy4p09ns/photos/01_WWDC_2011/170_003_EW3C1497.jpg",
              "description": null,
              "time": 1364071591,
              "size": 18129
            },
            "2048": {
              "url": "/wwdc-services/cy4p09ns/photos/01_WWDC_2011/2048_003_EW3C1497.jpg",
              "description": null,
              "time": 1364071589,
              "size": 874107
            },
            "340": {
              "url": "/wwdc-services/cy4p09ns/photos/01_WWDC_2011/340_003_EW3C1497.jpg",
              "description": null,
              "time": 1364071591,
              "size": 48276
            },
            "480": {
              "url": "/wwdc-services/cy4p09ns/photos/01_WWDC_2011/480_003_EW3C1497.jpg",
              "description": null,
              "time": 1364071590,
              "size": 83520
            },
            "75": {
              "url": "/wwdc-services/cy4p09ns/photos/01_WWDC_2011/75_003_EW3C1497.jpg",
              "description": null,
              "time": 1364071592,
              "size": 13090
            },
            "960": {
              "url": "/wwdc-services/cy4p09ns/photos/01_WWDC_2011/960_003_EW3C1497.jpg",
              "description": null,
              "time": 1364071588,
              "size": 252370
            }
          },
          {
            "1024": {
              "url": "/wwdc-services/cy4p09ns/photos/01_WWDC_2011/1024_004_EW3C1481.jpg",
              "description": null,
              "time": 1364071590,
              "size": 216678
            },
            "150": {
              "url": "/wwdc-services/cy4p09ns/photos/01_WWDC_2011/150_004_EW3C1481.jpg",
              "description": null,
              "time": 1364071590,
              "size": 30996
            },
            "170": {
              "url": "/wwdc-services/cy4p09ns/photos/01_WWDC_2011/170_004_EW3C1481.jpg",
              "description": null,
              "time": 1364071591,
              "size": 18852
            },
            "2048": {
              "url": "/wwdc-services/cy4p09ns/photos/01_WWDC_2011/2048_004_EW3C1481.jpg",
              "description": null,
              "time": 1364071589,
              "size": 651775
            },
            "340": {
              "url": "/wwdc-services/cy4p09ns/photos/01_WWDC_2011/340_004_EW3C1481.jpg",
              "description": null,
              "time": 1364071591,
              "size": 46403
            },
            "480": {
              "url": "/wwdc-services/cy4p09ns/photos/01_WWDC_2011/480_004_EW3C1481.jpg",
              "description": null,
              "time": 1364071590,
              "size": 74544
            },
            "75": {
              "url": "/wwdc-services/cy4p09ns/photos/01_WWDC_2011/75_004_EW3C1481.jpg",
              "description": null,
              "time": 1364071591,
              "size": 13729
            },
            "960": {
              "url": "/wwdc-services/cy4p09ns/photos/01_WWDC_2011/960_004_EW3C1481.jpg",
              "description": null,
              "time": 1364071588,
              "size": 197129
            }
          },
          {
            "1024": {
              "url": "/wwdc-services/cy4p09ns/photos/01_WWDC_2011/1024_005_EW3C1459.jpg",
              "description": null,
              "time": 1364071590,
              "size": 192373
            },
            "150": {
              "url": "/wwdc-services/cy4p09ns/photos/01_WWDC_2011/150_005_EW3C1459.jpg",
              "description": null,
              "time": 1364071589,
              "size": 28316
            },
            "170": {
              "url": "/wwdc-services/cy4p09ns/photos/01_WWDC_2011/170_005_EW3C1459.jpg",
              "description": null,
              "time": 1364071591,
              "size": 18323
            },
            "2048": {
              "url": "/wwdc-services/cy4p09ns/photos/01_WWDC_2011/2048_005_EW3C1459.jpg",
              "description": null,
              "time": 1364071588,
              "size": 685076
            },
            "340": {
              "url": "/wwdc-services/cy4p09ns/photos/01_WWDC_2011/340_005_EW3C1459.jpg",
              "description": null,
              "time": 1364071591,
              "size": 40134
            },
            "480": {
              "url": "/wwdc-services/cy4p09ns/photos/01_WWDC_2011/480_005_EW3C1459.jpg",
              "description": null,
              "time": 1364071589,
              "size": 62193
            },
            "75": {
              "url": "/wwdc-services/cy4p09ns/photos/01_WWDC_2011/75_005_EW3C1459.jpg",
              "description": null,
              "time": 1364071591,
              "size": 13801
            },
            "960": {
              "url": "/wwdc-services/cy4p09ns/photos/01_WWDC_2011/960_005_EW3C1459.jpg",
              "description": null,
              "time": 1364071588,
              "size": 172750
            }
          },
          {
            "1024": {
              "url": "/wwdc-services/cy4p09ns/photos/01_WWDC_2011/1024_006_B30I9666.jpg",
              "description": null,
              "time": 1364071591,
              "size": 216370
            },
            "150": {
              "url": "/wwdc-services/cy4p09ns/photos/01_WWDC_2011/150_006_B30I9666.jpg",
              "description": null,
              "time": 1364071591,
              "size": 26459
            },
            "170": {
              "url": "/wwdc-services/cy4p09ns/photos/01_WWDC_2011/170_006_B30I9666.jpg",
              "description": null,
              "time": 1364071592,
              "size": 17227
            },
            "2048": {
              "url": "/wwdc-services/cy4p09ns/photos/01_WWDC_2011/2048_006_B30I9666.jpg",
              "description": null,
              "time": 1364071590,
              "size": 708774
            },
            "340": {
              "url": "/wwdc-services/cy4p09ns/photos/01_WWDC_2011/340_006_B30I9666.jpg",
              "description": null,
              "time": 1364071592,
              "size": 40462
            },
            "480": {
              "url": "/wwdc-services/cy4p09ns/photos/01_WWDC_2011/480_006_B30I9666.jpg",
              "description": null,
              "time": 1364071591,
              "size": 64222
            },
            "75": {
              "url": "/wwdc-services/cy4p09ns/photos/01_WWDC_2011/75_006_B30I9666.jpg",
              "description": null,
              "time": 1364071593,
              "size": 12415
            },
            "960": {
              "url": "/wwdc-services/cy4p09ns/photos/01_WWDC_2011/960_006_B30I9666.jpg",
              "description": null,
              "time": 1364071589,
              "size": 193422
            }
          },
          {
            "1024": {
              "url": "/wwdc-services/cy4p09ns/photos/01_WWDC_2011/1024_007_B30I9729.jpg",
              "description": null,
              "time": 1364071590,
              "size": 343750
            },
            "150": {
              "url": "/wwdc-services/cy4p09ns/photos/01_WWDC_2011/150_007_B30I9729.jpg",
              "description": null,
              "time": 1364071589,
              "size": 36414
            },
            "170": {
              "url": "/wwdc-services/cy4p09ns/photos/01_WWDC_2011/170_007_B30I9729.jpg",
              "description": null,
              "time": 1364071591,
              "size": 21355
            },
            "2048": {
              "url": "/wwdc-services/cy4p09ns/photos/01_WWDC_2011/2048_007_B30I9729.jpg",
              "description": null,
              "time": 1364071588,
              "size": 1007064
            },
            "340": {
              "url": "/wwdc-services/cy4p09ns/photos/01_WWDC_2011/340_007_B30I9729.jpg",
              "description": null,
              "time": 1364071591,
              "size": 60255
            },
            "480": {
              "url": "/wwdc-services/cy4p09ns/photos/01_WWDC_2011/480_007_B30I9729.jpg",
              "description": null,
              "time": 1364071589,
              "size": 101249
            },
            "75": {
              "url": "/wwdc-services/cy4p09ns/photos/01_WWDC_2011/75_007_B30I9729.jpg",
              "description": null,
              "time": 1364071591,
              "size": 14342
            },
            "960": {
              "url": "/wwdc-services/cy4p09ns/photos/01_WWDC_2011/960_007_B30I9729.jpg",
              "description": null,
              "time": 1364071588,
              "size": 310325
            }
          },
          {
            "1024": {
              "url": "/wwdc-services/cy4p09ns/photos/01_WWDC_2011/1024_008_B30I9686.jpg",
              "description": null,
              "time": 1364071593,
              "size": 211502
            },
            "150": {
              "url": "/wwdc-services/cy4p09ns/photos/01_WWDC_2011/150_008_B30I9686.jpg",
              "description": null,
              "time": 1364071593,
              "size": 28803
            },
            "170": {
              "url": "/wwdc-services/cy4p09ns/photos/01_WWDC_2011/170_008_B30I9686.jpg",
              "description": null,
              "time": 1364071588,
              "size": 18601
            },
            "2048": {
              "url": "/wwdc-services/cy4p09ns/photos/01_WWDC_2011/2048_008_B30I9686.jpg",
              "description": null,
              "time": 1364071591,
              "size": 696434
            },
            "340": {
              "url": "/wwdc-services/cy4p09ns/photos/01_WWDC_2011/340_008_B30I9686.jpg",
              "description": null,
              "time": 1364071588,
              "size": 43100
            },
            "480": {
              "url": "/wwdc-services/cy4p09ns/photos/01_WWDC_2011/480_008_B30I9686.jpg",
              "description": null,
              "time": 1364071592,
              "size": 67058
            },
            "75": {
              "url": "/wwdc-services/cy4p09ns/photos/01_WWDC_2011/75_008_B30I9686.jpg",
              "description": null,
              "time": 1364071589,
              "size": 13501
            },
            "960": {
              "url": "/wwdc-services/cy4p09ns/photos/01_WWDC_2011/960_008_B30I9686.jpg",
              "description": null,
              "time": 1364071590,
              "size": 191240
            }
          },
          {
            "1024": {
              "url": "/wwdc-services/cy4p09ns/photos/01_WWDC_2011/1024_009_B30I9769.jpg",
              "description": null,
              "time": 1364071589,
              "size": 276897
            },
            "150": {
              "url": "/wwdc-services/cy4p09ns/photos/01_WWDC_2011/150_009_B30I9769.jpg",
              "description": null,
              "time": 1364071589,
              "size": 36616
            },
            "170": {
              "url": "/wwdc-services/cy4p09ns/photos/01_WWDC_2011/170_009_B30I9769.jpg",
              "description": null,
              "time": 1364071590,
              "size": 22058
            },
            "2048": {
              "url": "/wwdc-services/cy4p09ns/photos/01_WWDC_2011/2048_009_B30I9769.jpg",
              "description": null,
              "time": 1364071588,
              "size": 748305
            },
            "340": {
              "url": "/wwdc-services/cy4p09ns/photos/01_WWDC_2011/340_009_B30I9769.jpg",
              "description": null,
              "time": 1364071590,
              "size": 57650
            },
            "480": {
              "url": "/wwdc-services/cy4p09ns/photos/01_WWDC_2011/480_009_B30I9769.jpg",
              "description": null,
              "time": 1364071588,
              "size": 92878
            },
            "75": {
              "url": "/wwdc-services/cy4p09ns/photos/01_WWDC_2011/75_009_B30I9769.jpg",
              "description": null,
              "time": 1364071590,
              "size": 14929
            },
            "960": {
              "url": "/wwdc-services/cy4p09ns/photos/01_WWDC_2011/960_009_B30I9769.jpg",
              "description": null,
              "time": 1364071592,
              "size": 252200
            }
          },
          {
            "1024": {
              "url": "/wwdc-services/cy4p09ns/photos/01_WWDC_2011/1024_010_EW3C1735.jpg",
              "description": null,
              "time": 1364071591,
              "size": 250703
            },
            "150": {
              "url": "/wwdc-services/cy4p09ns/photos/01_WWDC_2011/150_010_EW3C1735.jpg",
              "description": null,
              "time": 1364071591,
              "size": 31040
            },
            "170": {
              "url": "/wwdc-services/cy4p09ns/photos/01_WWDC_2011/170_010_EW3C1735.jpg",
              "description": null,
              "time": 1364071592,
              "size": 18400
            },
            "2048": {
              "url": "/wwdc-services/cy4p09ns/photos/01_WWDC_2011/2048_010_EW3C1735.jpg",
              "description": null,
              "time": 1364071590,
              "size": 745991
            },
            "340": {
              "url": "/wwdc-services/cy4p09ns/photos/01_WWDC_2011/340_010_EW3C1735.jpg",
              "description": null,
              "time": 1364071592,
              "size": 47030
            },
            "480": {
              "url": "/wwdc-services/cy4p09ns/photos/01_WWDC_2011/480_010_EW3C1735.jpg",
              "description": null,
              "time": 1364071591,
              "size": 78965
            },
            "75": {
              "url": "/wwdc-services/cy4p09ns/photos/01_WWDC_2011/75_010_EW3C1735.jpg",
              "description": null,
              "time": 1364071593,
              "size": 13398
            },
            "960": {
              "url": "/wwdc-services/cy4p09ns/photos/01_WWDC_2011/960_010_EW3C1735.jpg",
              "description": null,
              "time": 1364071589,
              "size": 226436
            }
          },
          {
            "1024": {
              "url": "/wwdc-services/cy4p09ns/photos/01_WWDC_2011/1024_011_EW3C1919.jpg",
              "description": null,
              "time": 1364071591,
              "size": 246891
            },
            "150": {
              "url": "/wwdc-services/cy4p09ns/photos/01_WWDC_2011/150_011_EW3C1919.jpg",
              "description": null,
              "time": 1364071590,
              "size": 34823
            },
            "170": {
              "url": "/wwdc-services/cy4p09ns/photos/01_WWDC_2011/170_011_EW3C1919.jpg",
              "description": null,
              "time": 1364071592,
              "size": 20722
            },
            "2048": {
              "url": "/wwdc-services/cy4p09ns/photos/01_WWDC_2011/2048_011_EW3C1919.jpg",
              "description": null,
              "time": 1364071590,
              "size": 705875
            },
            "340": {
              "url": "/wwdc-services/cy4p09ns/photos/01_WWDC_2011/340_011_EW3C1919.jpg",
              "description": null,
              "time": 1364071592,
              "size": 53258
            },
            "480": {
              "url": "/wwdc-services/cy4p09ns/photos/01_WWDC_2011/480_011_EW3C1919.jpg",
              "description": null,
              "time": 1364071590,
              "size": 85150
            },
            "75": {
              "url": "/wwdc-services/cy4p09ns/photos/01_WWDC_2011/75_011_EW3C1919.jpg",
              "description": null,
              "time": 1364071592,
              "size": 14469
            },
            "960": {
              "url": "/wwdc-services/cy4p09ns/photos/01_WWDC_2011/960_011_EW3C1919.jpg",
              "description": null,
              "time": 1364071589,
              "size": 225183
            }
          },
          {
            "1024": {
              "url": "/wwdc-services/cy4p09ns/photos/01_WWDC_2011/1024_012_EW3C3002.jpg",
              "description": null,
              "time": 1364071592,
              "size": 144032
            },
            "150": {
              "url": "/wwdc-services/cy4p09ns/photos/01_WWDC_2011/150_012_EW3C3002.jpg",
              "description": null,
              "time": 1364071592,
              "size": 22377
            },
            "170": {
              "url": "/wwdc-services/cy4p09ns/photos/01_WWDC_2011/170_012_EW3C3002.jpg",
              "description": null,
              "time": 1364071588,
              "size": 14995
            },
            "2048": {
              "url": "/wwdc-services/cy4p09ns/photos/01_WWDC_2011/2048_012_EW3C3002.jpg",
              "description": null,
              "time": 1364071591,
              "size": 468243
            },
            "340": {
              "url": "/wwdc-services/cy4p09ns/photos/01_WWDC_2011/340_012_EW3C3002.jpg",
              "description": null,
              "time": 1364071588,
              "size": 31901
            },
            "480": {
              "url": "/wwdc-services/cy4p09ns/photos/01_WWDC_2011/480_012_EW3C3002.jpg",
              "description": null,
              "time": 1364071592,
              "size": 48778
            },
            "75": {
              "url": "/wwdc-services/cy4p09ns/photos/01_WWDC_2011/75_012_EW3C3002.jpg",
              "description": null,
              "time": 1364071588,
              "size": 11581
            },
            "960": {
              "url": "/wwdc-services/cy4p09ns/photos/01_WWDC_2011/960_012_EW3C3002.jpg",
              "description": null,
              "time": 1364071590,
              "size": 130348
            }
          },
          {
            "1024": {
              "url": "/wwdc-services/cy4p09ns/photos/01_WWDC_2011/1024_013_5DM33609.jpg",
              "description": null,
              "time": 1364071590,
              "size": 138818
            },
            "150": {
              "url": "/wwdc-services/cy4p09ns/photos/01_WWDC_2011/150_013_5DM33609.jpg",
              "description": null,
              "time": 1364071589,
              "size": 20864
            },
            "170": {
              "url": "/wwdc-services/cy4p09ns/photos/01_WWDC_2011/170_013_5DM33609.jpg",
              "description": null,
              "time": 1364071591,
              "size": 14306
            },
            "2048": {
              "url": "/wwdc-services/cy4p09ns/photos/01_WWDC_2011/2048_013_5DM33609.jpg",
              "description": null,
              "time": 1364071588,
              "size": 476931
            },
            "340": {
              "url": "/wwdc-services/cy4p09ns/photos/01_WWDC_2011/340_013_5DM33609.jpg",
              "description": null,
              "time": 1364071591,
              "size": 29518
            },
            "480": {
              "url": "/wwdc-services/cy4p09ns/photos/01_WWDC_2011/480_013_5DM33609.jpg",
              "description": null,
              "time": 1364071589,
              "size": 45453
            },
            "75": {
              "url": "/wwdc-services/cy4p09ns/photos/01_WWDC_2011/75_013_5DM33609.jpg",
              "description": null,
              "time": 1364071591,
              "size": 11158
            },
            "960": {
              "url": "/wwdc-services/cy4p09ns/photos/01_WWDC_2011/960_013_5DM33609.jpg",
              "description": null,
              "time": 1364071588,
              "size": 124582
            }
          },
          {
            "1024": {
              "url": "/wwdc-services/cy4p09ns/photos/01_WWDC_2011/1024_014_5DM33633.jpg",
              "description": null,
              "time": 1364071591,
              "size": 237641
            },
            "150": {
              "url": "/wwdc-services/cy4p09ns/photos/01_WWDC_2011/150_014_5DM33633.jpg",
              "description": null,
              "time": 1364071591,
              "size": 26462
            },
            "170": {
              "url": "/wwdc-services/cy4p09ns/photos/01_WWDC_2011/170_014_5DM33633.jpg",
              "description": null,
              "time": 1364071592,
              "size": 16301
            },
            "2048": {
              "url": "/wwdc-services/cy4p09ns/photos/01_WWDC_2011/2048_014_5DM33633.jpg",
              "description": null,
              "time": 1364071590,
              "size": 796968
            },
            "340": {
              "url": "/wwdc-services/cy4p09ns/photos/01_WWDC_2011/340_014_5DM33633.jpg",
              "description": null,
              "time": 1364071592,
              "size": 39762
            },
            "480": {
              "url": "/wwdc-services/cy4p09ns/photos/01_WWDC_2011/480_014_5DM33633.jpg",
              "description": null,
              "time": 1364071590,
              "size": 67800
            },
            "75": {
              "url": "/wwdc-services/cy4p09ns/photos/01_WWDC_2011/75_014_5DM33633.jpg",
              "description": null,
              "time": 1364071592,
              "size": 12174
            },
            "960": {
              "url": "/wwdc-services/cy4p09ns/photos/01_WWDC_2011/960_014_5DM33633.jpg",
              "description": null,
              "time": 1364071589,
              "size": 212541
            }
          },
          {
            "1024": {
              "url": "/wwdc-services/cy4p09ns/photos/01_WWDC_2011/1024_015_EW3C2380.jpg",
              "description": null,
              "time": 1364071588,
              "size": 179151
            },
            "150": {
              "url": "/wwdc-services/cy4p09ns/photos/01_WWDC_2011/150_015_EW3C2380.jpg",
              "description": null,
              "time": 1364071593,
              "size": 22543
            },
            "170": {
              "url": "/wwdc-services/cy4p09ns/photos/01_WWDC_2011/170_015_EW3C2380.jpg",
              "description": null,
              "time": 1364071589,
              "size": 14303
            },
            "2048": {
              "url": "/wwdc-services/cy4p09ns/photos/01_WWDC_2011/2048_015_EW3C2380.jpg",
              "description": null,
              "time": 1364071592,
              "size": 704265
            },
            "340": {
              "url": "/wwdc-services/cy4p09ns/photos/01_WWDC_2011/340_015_EW3C2380.jpg",
              "description": null,
              "time": 1364071589,
              "size": 33535
            },
            "480": {
              "url": "/wwdc-services/cy4p09ns/photos/01_WWDC_2011/480_015_EW3C2380.jpg",
              "description": null,
              "time": 1364071592,
              "size": 54103
            },
            "75": {
              "url": "/wwdc-services/cy4p09ns/photos/01_WWDC_2011/75_015_EW3C2380.jpg",
              "description": null,
              "time": 1364071589,
              "size": 10793
            },
            "960": {
              "url": "/wwdc-services/cy4p09ns/photos/01_WWDC_2011/960_015_EW3C2380.jpg",
              "description": null,
              "time": 1364071591,
              "size": 159597
            }
          },
          {
            "1024": {
              "url": "/wwdc-services/cy4p09ns/photos/01_WWDC_2011/1024_016_B30I0089.jpg",
              "description": null,
              "time": 1364071591,
              "size": 164990
            },
            "150": {
              "url": "/wwdc-services/cy4p09ns/photos/01_WWDC_2011/150_016_B30I0089.jpg",
              "description": null,
              "time": 1364071591,
              "size": 21149
            },
            "170": {
              "url": "/wwdc-services/cy4p09ns/photos/01_WWDC_2011/170_016_B30I0089.jpg",
              "description": null,
              "time": 1364071593,
              "size": 14422
            },
            "2048": {
              "url": "/wwdc-services/cy4p09ns/photos/01_WWDC_2011/2048_016_B30I0089.jpg",
              "description": null,
              "time": 1364071590,
              "size": 608171
            },
            "340": {
              "url": "/wwdc-services/cy4p09ns/photos/01_WWDC_2011/340_016_B30I0089.jpg",
              "description": null,
              "time": 1364071593,
              "size": 31215
            },
            "480": {
              "url": "/wwdc-services/cy4p09ns/photos/01_WWDC_2011/480_016_B30I0089.jpg",
              "description": null,
              "time": 1364071591,
              "size": 48275
            },
            "75": {
              "url": "/wwdc-services/cy4p09ns/photos/01_WWDC_2011/75_016_B30I0089.jpg",
              "description": null,
              "time": 1364071588,
              "size": 11040
            },
            "960": {
              "url": "/wwdc-services/cy4p09ns/photos/01_WWDC_2011/960_016_B30I0089.jpg",
              "description": null,
              "time": 1364071589,
              "size": 147085
            }
          },
          {
            "1024": {
              "url": "/wwdc-services/cy4p09ns/photos/01_WWDC_2011/1024_017_EW3C2566.jpg",
              "description": null,
              "time": 1364071589,
              "size": 201384
            },
            "150": {
              "url": "/wwdc-services/cy4p09ns/photos/01_WWDC_2011/150_017_EW3C2566.jpg",
              "description": null,
              "time": 1364071589,
              "size": 24515
            },
            "170": {
              "url": "/wwdc-services/cy4p09ns/photos/01_WWDC_2011/170_017_EW3C2566.jpg",
              "description": null,
              "time": 1364071590,
              "size": 15882
            },
            "2048": {
              "url": "/wwdc-services/cy4p09ns/photos/01_WWDC_2011/2048_017_EW3C2566.jpg",
              "description": null,
              "time": 1364071588,
              "size": 750601
            },
            "340": {
              "url": "/wwdc-services/cy4p09ns/photos/01_WWDC_2011/340_017_EW3C2566.jpg",
              "description": null,
              "time": 1364071590,
              "size": 36131
            },
            "480": {
              "url": "/wwdc-services/cy4p09ns/photos/01_WWDC_2011/480_017_EW3C2566.jpg",
              "description": null,
              "time": 1364071588,
              "size": 58851
            },
            "75": {
              "url": "/wwdc-services/cy4p09ns/photos/01_WWDC_2011/75_017_EW3C2566.jpg",
              "description": null,
              "time": 1364071590,
              "size": 12177
            },
            "960": {
              "url": "/wwdc-services/cy4p09ns/photos/01_WWDC_2011/960_017_EW3C2566.jpg",
              "description": null,
              "time": 1364071592,
              "size": 179252
            }
          },
          {
            "1024": {
              "url": "/wwdc-services/cy4p09ns/photos/01_WWDC_2011/1024_018_EW3C2769.jpg",
              "description": null,
              "time": 1364071590,
              "size": 296222
            },
            "150": {
              "url": "/wwdc-services/cy4p09ns/photos/01_WWDC_2011/150_018_EW3C2769.jpg",
              "description": null,
              "time": 1364071590,
              "size": 33988
            },
            "170": {
              "url": "/wwdc-services/cy4p09ns/photos/01_WWDC_2011/170_018_EW3C2769.jpg",
              "description": null,
              "time": 1364071592,
              "size": 20415
            },
            "2048": {
              "url": "/wwdc-services/cy4p09ns/photos/01_WWDC_2011/2048_018_EW3C2769.jpg",
              "description": null,
              "time": 1364071589,
              "size": 928252
            },
            "340": {
              "url": "/wwdc-services/cy4p09ns/photos/01_WWDC_2011/340_018_EW3C2769.jpg",
              "description": null,
              "time": 1364071592,
              "size": 54214
            },
            "480": {
              "url": "/wwdc-services/cy4p09ns/photos/01_WWDC_2011/480_018_EW3C2769.jpg",
              "description": null,
              "time": 1364071590,
              "size": 89438
            },
            "75": {
              "url": "/wwdc-services/cy4p09ns/photos/01_WWDC_2011/75_018_EW3C2769.jpg",
              "description": null,
              "time": 1364071592,
              "size": 14191
            },
            "960": {
              "url": "/wwdc-services/cy4p09ns/photos/01_WWDC_2011/960_018_EW3C2769.jpg",
              "description": null,
              "time": 1364071589,
              "size": 267248
            }
          },
          {
            "1024": {
              "url": "/wwdc-services/cy4p09ns/photos/01_WWDC_2011/1024_019_B30I0359.jpg",
              "description": null,
              "time": 1364071589,
              "size": 230031
            },
            "150": {
              "url": "/wwdc-services/cy4p09ns/photos/01_WWDC_2011/150_019_B30I0359.jpg",
              "description": null,
              "time": 1364071589,
              "size": 28665
            },
            "170": {
              "url": "/wwdc-services/cy4p09ns/photos/01_WWDC_2011/170_019_B30I0359.jpg",
              "description": null,
              "time": 1364071591,
              "size": 18331
            },
            "2048": {
              "url": "/wwdc-services/cy4p09ns/photos/01_WWDC_2011/2048_019_B30I0359.jpg",
              "description": null,
              "time": 1364071588,
              "size": 796716
            },
            "340": {
              "url": "/wwdc-services/cy4p09ns/photos/01_WWDC_2011/340_019_B30I0359.jpg",
              "description": null,
              "time": 1364071591,
              "size": 44565
            },
            "480": {
              "url": "/wwdc-services/cy4p09ns/photos/01_WWDC_2011/480_019_B30I0359.jpg",
              "description": null,
              "time": 1364071589,
              "size": 70507
            },
            "75": {
              "url": "/wwdc-services/cy4p09ns/photos/01_WWDC_2011/75_019_B30I0359.jpg",
              "description": null,
              "time": 1364071591,
              "size": 13252
            },
            "960": {
              "url": "/wwdc-services/cy4p09ns/photos/01_WWDC_2011/960_019_B30I0359.jpg",
              "description": null,
              "time": 1364071588,
              "size": 206058
            }
          },
          {
            "1024": {
              "url": "/wwdc-services/cy4p09ns/photos/01_WWDC_2011/1024_020_B30I0380.jpg",
              "description": null,
              "time": 1364071591,
              "size": 167246
            },
            "150": {
              "url": "/wwdc-services/cy4p09ns/photos/01_WWDC_2011/150_020_B30I0380.jpg",
              "description": null,
              "time": 1364071590,
              "size": 23867
            },
            "170": {
              "url": "/wwdc-services/cy4p09ns/photos/01_WWDC_2011/170_020_B30I0380.jpg",
              "description": null,
              "time": 1364071592,
              "size": 16334
            },
            "2048": {
              "url": "/wwdc-services/cy4p09ns/photos/01_WWDC_2011/2048_020_B30I0380.jpg",
              "description": null,
              "time": 1364071589,
              "size": 637424
            },
            "340": {
              "url": "/wwdc-services/cy4p09ns/photos/01_WWDC_2011/340_020_B30I0380.jpg",
              "description": null,
              "time": 1364071592,
              "size": 34842
            },
            "480": {
              "url": "/wwdc-services/cy4p09ns/photos/01_WWDC_2011/480_020_B30I0380.jpg",
              "description": null,
              "time": 1364071590,
              "size": 52897
            },
            "75": {
              "url": "/wwdc-services/cy4p09ns/photos/01_WWDC_2011/75_020_B30I0380.jpg",
              "description": null,
              "time": 1364071592,
              "size": 12232
            },
            "960": {
              "url": "/wwdc-services/cy4p09ns/photos/01_WWDC_2011/960_020_B30I0380.jpg",
              "description": null,
              "time": 1364071589,
              "size": 149684
            }
          },
          {
            "1024": {
              "url": "/wwdc-services/cy4p09ns/photos/01_WWDC_2011/1024_021_B30I0477.jpg",
              "description": null,
              "time": 1364071589,
              "size": 153221
            },
            "150": {
              "url": "/wwdc-services/cy4p09ns/photos/01_WWDC_2011/150_021_B30I0477.jpg",
              "description": null,
              "time": 1364071589,
              "size": 21793
            },
            "170": {
              "url": "/wwdc-services/cy4p09ns/photos/01_WWDC_2011/170_021_B30I0477.jpg",
              "description": null,
              "time": 1364071590,
              "size": 14983
            },
            "2048": {
              "url": "/wwdc-services/cy4p09ns/photos/01_WWDC_2011/2048_021_B30I0477.jpg",
              "description": null,
              "time": 1364071588,
              "size": 552669
            },
            "340": {
              "url": "/wwdc-services/cy4p09ns/photos/01_WWDC_2011/340_021_B30I0477.jpg",
              "description": null,
              "time": 1364071590,
              "size": 31719
            },
            "480": {
              "url": "/wwdc-services/cy4p09ns/photos/01_WWDC_2011/480_021_B30I0477.jpg",
              "description": null,
              "time": 1364071588,
              "size": 48617
            },
            "75": {
              "url": "/wwdc-services/cy4p09ns/photos/01_WWDC_2011/75_021_B30I0477.jpg",
              "description": null,
              "time": 1364071590,
              "size": 11384
            },
            "960": {
              "url": "/wwdc-services/cy4p09ns/photos/01_WWDC_2011/960_021_B30I0477.jpg",
              "description": null,
              "time": 1364071592,
              "size": 137751
            }
          },
          {
            "1024": {
              "url": "/wwdc-services/cy4p09ns/photos/01_WWDC_2011/1024_022_B30I0558.jpg",
              "description": null,
              "time": 1364071588,
              "size": 168717
            },
            "150": {
              "url": "/wwdc-services/cy4p09ns/photos/01_WWDC_2011/150_022_B30I0558.jpg",
              "description": null,
              "time": 1364071588,
              "size": 23385
            },
            "170": {
              "url": "/wwdc-services/cy4p09ns/photos/01_WWDC_2011/170_022_B30I0558.jpg",
              "description": null,
              "time": 1364071589,
              "size": 15565
            },
            "2048": {
              "url": "/wwdc-services/cy4p09ns/photos/01_WWDC_2011/2048_022_B30I0558.jpg",
              "description": null,
              "time": 1364071592,
              "size": 527325
            },
            "340": {
              "url": "/wwdc-services/cy4p09ns/photos/01_WWDC_2011/340_022_B30I0558.jpg",
              "description": null,
              "time": 1364071589,
              "size": 34493
            },
            "480": {
              "url": "/wwdc-services/cy4p09ns/photos/01_WWDC_2011/480_022_B30I0558.jpg",
              "description": null,
              "time": 1364071593,
              "size": 53253
            },
            "75": {
              "url": "/wwdc-services/cy4p09ns/photos/01_WWDC_2011/75_022_B30I0558.jpg",
              "description": null,
              "time": 1364071589,
              "size": 11728
            },
            "960": {
              "url": "/wwdc-services/cy4p09ns/photos/01_WWDC_2011/960_022_B30I0558.jpg",
              "description": null,
              "time": 1364071591,
              "size": 151853
            }
          },
          {
            "1024": {
              "url": "/wwdc-services/cy4p09ns/photos/01_WWDC_2011/1024_023_B30I0565.jpg",
              "description": null,
              "time": 1364071590,
              "size": 140130
            },
            "150": {
              "url": "/wwdc-services/cy4p09ns/photos/01_WWDC_2011/150_023_B30I0565.jpg",
              "description": null,
              "time": 1364071590,
              "size": 21185
            },
            "170": {
              "url": "/wwdc-services/cy4p09ns/photos/01_WWDC_2011/170_023_B30I0565.jpg",
              "description": null,
              "time": 1364071591,
              "size": 14332
            },
            "2048": {
              "url": "/wwdc-services/cy4p09ns/photos/01_WWDC_2011/2048_023_B30I0565.jpg",
              "description": null,
              "time": 1364071588,
              "size": 426050
            },
            "340": {
              "url": "/wwdc-services/cy4p09ns/photos/01_WWDC_2011/340_023_B30I0565.jpg",
              "description": null,
              "time": 1364071591,
              "size": 31374
            },
            "480": {
              "url": "/wwdc-services/cy4p09ns/photos/01_WWDC_2011/480_023_B30I0565.jpg",
              "description": null,
              "time": 1364071589,
              "size": 47594
            },
            "75": {
              "url": "/wwdc-services/cy4p09ns/photos/01_WWDC_2011/75_023_B30I0565.jpg",
              "description": null,
              "time": 1364071591,
              "size": 10770
            },
            "960": {
              "url": "/wwdc-services/cy4p09ns/photos/01_WWDC_2011/960_023_B30I0565.jpg",
              "description": null,
              "time": 1364071588,
              "size": 126944
            }
          },
          {
            "1024": {
              "url": "/wwdc-services/cy4p09ns/photos/01_WWDC_2011/1024_024_B30I0544.jpg",
              "description": null,
              "time": 1364071589,
              "size": 194680
            },
            "150": {
              "url": "/wwdc-services/cy4p09ns/photos/01_WWDC_2011/150_024_B30I0544.jpg",
              "description": null,
              "time": 1364071589,
              "size": 27720
            },
            "170": {
              "url": "/wwdc-services/cy4p09ns/photos/01_WWDC_2011/170_024_B30I0544.jpg",
              "description": null,
              "time": 1364071590,
              "size": 17993
            },
            "2048": {
              "url": "/wwdc-services/cy4p09ns/photos/01_WWDC_2011/2048_024_B30I0544.jpg",
              "description": null,
              "time": 1364071588,
              "size": 594317
            },
            "340": {
              "url": "/wwdc-services/cy4p09ns/photos/01_WWDC_2011/340_024_B30I0544.jpg",
              "description": null,
              "time": 1364071590,
              "size": 41347
            },
            "480": {
              "url": "/wwdc-services/cy4p09ns/photos/01_WWDC_2011/480_024_B30I0544.jpg",
              "description": null,
              "time": 1364071589,
              "size": 64208
            },
            "75": {
              "url": "/wwdc-services/cy4p09ns/photos/01_WWDC_2011/75_024_B30I0544.jpg",
              "description": null,
              "time": 1364071591,
              "size": 13149
            },
            "960": {
              "url": "/wwdc-services/cy4p09ns/photos/01_WWDC_2011/960_024_B30I0544.jpg",
              "description": null,
              "time": 1364071593,
              "size": 176524
            }
          },
          {
            "1024": {
              "url": "/wwdc-services/cy4p09ns/photos/01_WWDC_2011/1024_025_EW3C3914.jpg",
              "description": null,
              "time": 1364071590,
              "size": 134042
            },
            "150": {
              "url": "/wwdc-services/cy4p09ns/photos/01_WWDC_2011/150_025_EW3C3914.jpg",
              "description": null,
              "time": 1364071589,
              "size": 14662
            },
            "170": {
              "url": "/wwdc-services/cy4p09ns/photos/01_WWDC_2011/170_025_EW3C3914.jpg",
              "description": null,
              "time": 1364071591,
              "size": 10589
            },
            "2048": {
              "url": "/wwdc-services/cy4p09ns/photos/01_WWDC_2011/2048_025_EW3C3914.jpg",
              "description": null,
              "time": 1364071588,
              "size": 587736
            },
            "340": {
              "url": "/wwdc-services/cy4p09ns/photos/01_WWDC_2011/340_025_EW3C3914.jpg",
              "description": null,
              "time": 1364071591,
              "size": 21029
            },
            "480": {
              "url": "/wwdc-services/cy4p09ns/photos/01_WWDC_2011/480_025_EW3C3914.jpg",
              "description": null,
              "time": 1364071589,
              "size": 33252
            },
            "75": {
              "url": "/wwdc-services/cy4p09ns/photos/01_WWDC_2011/75_025_EW3C3914.jpg",
              "description": null,
              "time": 1364071591,
              "size": 8786
            },
            "960": {
              "url": "/wwdc-services/cy4p09ns/photos/01_WWDC_2011/960_025_EW3C3914.jpg",
              "description": null,
              "time": 1364071588,
              "size": 117277
            }
          },
          {
            "1024": {
              "url": "/wwdc-services/cy4p09ns/photos/01_WWDC_2011/1024_026_EW3C3946.jpg",
              "description": null,
              "time": 1364071591,
              "size": 211449
            },
            "150": {
              "url": "/wwdc-services/cy4p09ns/photos/01_WWDC_2011/150_026_EW3C3946.jpg",
              "description": null,
              "time": 1364071591,
              "size": 23852
            },
            "170": {
              "url": "/wwdc-services/cy4p09ns/photos/01_WWDC_2011/170_026_EW3C3946.jpg",
              "description": null,
              "time": 1364071592,
              "size": 15849
            },
            "2048": {
              "url": "/wwdc-services/cy4p09ns/photos/01_WWDC_2011/2048_026_EW3C3946.jpg",
              "description": null,
              "time": 1364071590,
              "size": 792190
            },
            "340": {
              "url": "/wwdc-services/cy4p09ns/photos/01_WWDC_2011/340_026_EW3C3946.jpg",
              "description": null,
              "time": 1364071592,
              "size": 36140
            },
            "480": {
              "url": "/wwdc-services/cy4p09ns/photos/01_WWDC_2011/480_026_EW3C3946.jpg",
              "description": null,
              "time": 1364071590,
              "size": 58577
            },
            "75": {
              "url": "/wwdc-services/cy4p09ns/photos/01_WWDC_2011/75_026_EW3C3946.jpg",
              "description": null,
              "time": 1364071592,
              "size": 11911
            },
            "960": {
              "url": "/wwdc-services/cy4p09ns/photos/01_WWDC_2011/960_026_EW3C3946.jpg",
              "description": null,
              "time": 1364071589,
              "size": 190493
            }
          },
          {
            "1024": {
              "url": "/wwdc-services/cy4p09ns/photos/01_WWDC_2011/1024_027_IMG_2259.jpg",
              "description": null,
              "time": 1364071589,
              "size": 230704
            },
            "150": {
              "url": "/wwdc-services/cy4p09ns/photos/01_WWDC_2011/150_027_IMG_2259.jpg",
              "description": null,
              "time": 1364071589,
              "size": 29870
            },
            "170": {
              "url": "/wwdc-services/cy4p09ns/photos/01_WWDC_2011/170_027_IMG_2259.jpg",
              "description": null,
              "time": 1364071590,
              "size": 18338
            },
            "2048": {
              "url": "/wwdc-services/cy4p09ns/photos/01_WWDC_2011/2048_027_IMG_2259.jpg",
              "description": null,
              "time": 1364071588,
              "size": 685308
            },
            "340": {
              "url": "/wwdc-services/cy4p09ns/photos/01_WWDC_2011/340_027_IMG_2259.jpg",
              "description": null,
              "time": 1364071590,
              "size": 45794
            },
            "480": {
              "url": "/wwdc-services/cy4p09ns/photos/01_WWDC_2011/480_027_IMG_2259.jpg",
              "description": null,
              "time": 1364071589,
              "size": 72095
            },
            "75": {
              "url": "/wwdc-services/cy4p09ns/photos/01_WWDC_2011/75_027_IMG_2259.jpg",
              "description": null,
              "time": 1364071590,
              "size": 13266
            },
            "960": {
              "url": "/wwdc-services/cy4p09ns/photos/01_WWDC_2011/960_027_IMG_2259.jpg",
              "description": null,
              "time": 1364071592,
              "size": 203514
            }
          },
          {
            "1024": {
              "url": "/wwdc-services/cy4p09ns/photos/01_WWDC_2011/1024_028_IMG_2171.jpg",
              "description": null,
              "time": 1364071589,
              "size": 201246
            },
            "150": {
              "url": "/wwdc-services/cy4p09ns/photos/01_WWDC_2011/150_028_IMG_2171.jpg",
              "description": null,
              "time": 1364071589,
              "size": 30114
            },
            "170": {
              "url": "/wwdc-services/cy4p09ns/photos/01_WWDC_2011/170_028_IMG_2171.jpg",
              "description": null,
              "time": 1364071590,
              "size": 18694
            },
            "2048": {
              "url": "/wwdc-services/cy4p09ns/photos/01_WWDC_2011/2048_028_IMG_2171.jpg",
              "description": null,
              "time": 1364071588,
              "size": 595792
            },
            "340": {
              "url": "/wwdc-services/cy4p09ns/photos/01_WWDC_2011/340_028_IMG_2171.jpg",
              "description": null,
              "time": 1364071590,
              "size": 44197
            },
            "480": {
              "url": "/wwdc-services/cy4p09ns/photos/01_WWDC_2011/480_028_IMG_2171.jpg",
              "description": null,
              "time": 1364071589,
              "size": 69718
            },
            "75": {
              "url": "/wwdc-services/cy4p09ns/photos/01_WWDC_2011/75_028_IMG_2171.jpg",
              "description": null,
              "time": 1364071590,
              "size": 13652
            },
            "960": {
              "url": "/wwdc-services/cy4p09ns/photos/01_WWDC_2011/960_028_IMG_2171.jpg",
              "description": null,
              "time": 1364071593,
              "size": 182284
            }
          },
          {
            "1024": {
              "url": "/wwdc-services/cy4p09ns/photos/01_WWDC_2011/1024_029_IMG_2219.jpg",
              "description": null,
              "time": 1364071591,
              "size": 178383
            },
            "150": {
              "url": "/wwdc-services/cy4p09ns/photos/01_WWDC_2011/150_029_IMG_2219.jpg",
              "description": null,
              "time": 1364071591,
              "size": 27605
            },
            "170": {
              "url": "/wwdc-services/cy4p09ns/photos/01_WWDC_2011/170_029_IMG_2219.jpg",
              "description": null,
              "time": 1364071592,
              "size": 17212
            },
            "2048": {
              "url": "/wwdc-services/cy4p09ns/photos/01_WWDC_2011/2048_029_IMG_2219.jpg",
              "description": null,
              "time": 1364071590,
              "size": 522195
            },
            "340": {
              "url": "/wwdc-services/cy4p09ns/photos/01_WWDC_2011/340_029_IMG_2219.jpg",
              "description": null,
              "time": 1364071592,
              "size": 39818
            },
            "480": {
              "url": "/wwdc-services/cy4p09ns/photos/01_WWDC_2011/480_029_IMG_2219.jpg",
              "description": null,
              "time": 1364071590,
              "size": 62664
            },
            "75": {
              "url": "/wwdc-services/cy4p09ns/photos/01_WWDC_2011/75_029_IMG_2219.jpg",
              "description": null,
              "time": 1364071592,
              "size": 12888
            },
            "960": {
              "url": "/wwdc-services/cy4p09ns/photos/01_WWDC_2011/960_029_IMG_2219.jpg",
              "description": null,
              "time": 1364071589,
              "size": 161934
            }
          },
          {
            "1024": {
              "url": "/wwdc-services/cy4p09ns/photos/01_WWDC_2011/1024_030_IMG_2122.jpg",
              "description": null,
              "time": 1364071589,
              "size": 223719
            },
            "150": {
              "url": "/wwdc-services/cy4p09ns/photos/01_WWDC_2011/150_030_IMG_2122.jpg",
              "description": null,
              "time": 1364071589,
              "size": 31553
            },
            "170": {
              "url": "/wwdc-services/cy4p09ns/photos/01_WWDC_2011/170_030_IMG_2122.jpg",
              "description": null,
              "time": 1364071590,
              "size": 18935
            },
            "2048": {
              "url": "/wwdc-services/cy4p09ns/photos/01_WWDC_2011/2048_030_IMG_2122.jpg",
              "description": null,
              "time": 1364071588,
              "size": 655887
            },
            "340": {
              "url": "/wwdc-services/cy4p09ns/photos/01_WWDC_2011/340_030_IMG_2122.jpg",
              "description": null,
              "time": 1364071590,
              "size": 47002
            },
            "480": {
              "url": "/wwdc-services/cy4p09ns/photos/01_WWDC_2011/480_030_IMG_2122.jpg",
              "description": null,
              "time": 1364071589,
              "size": 76080
            },
            "75": {
              "url": "/wwdc-services/cy4p09ns/photos/01_WWDC_2011/75_030_IMG_2122.jpg",
              "description": null,
              "time": 1364071591,
              "size": 13566
            },
            "960": {
              "url": "/wwdc-services/cy4p09ns/photos/01_WWDC_2011/960_030_IMG_2122.jpg",
              "description": null,
              "time": 1364071588,
              "size": 203807
            }
          },
          {
            "1024": {
              "url": "/wwdc-services/cy4p09ns/photos/01_WWDC_2011/1024_031_B30I9824.jpg",
              "description": null,
              "time": 1364071589,
              "size": 186666
            },
            "150": {
              "url": "/wwdc-services/cy4p09ns/photos/01_WWDC_2011/150_031_B30I9824.jpg",
              "description": null,
              "time": 1364071589,
              "size": 23601
            },
            "170": {
              "url": "/wwdc-services/cy4p09ns/photos/01_WWDC_2011/170_031_B30I9824.jpg",
              "description": null,
              "time": 1364071590,
              "size": 16062
            },
            "2048": {
              "url": "/wwdc-services/cy4p09ns/photos/01_WWDC_2011/2048_031_B30I9824.jpg",
              "description": null,
              "time": 1364071588,
              "size": 723046
            },
            "340": {
              "url": "/wwdc-services/cy4p09ns/photos/01_WWDC_2011/340_031_B30I9824.jpg",
              "description": null,
              "time": 1364071590,
              "size": 34923
            },
            "480": {
              "url": "/wwdc-services/cy4p09ns/photos/01_WWDC_2011/480_031_B30I9824.jpg",
              "description": null,
              "time": 1364071588,
              "size": 53796
            },
            "75": {
              "url": "/wwdc-services/cy4p09ns/photos/01_WWDC_2011/75_031_B30I9824.jpg",
              "description": null,
              "time": 1364071590,
              "size": 12249
            },
            "960": {
              "url": "/wwdc-services/cy4p09ns/photos/01_WWDC_2011/960_031_B30I9824.jpg",
              "description": null,
              "time": 1364071592,
              "size": 165753
            }
          },
          {
            "1024": {
              "url": "/wwdc-services/cy4p09ns/photos/01_WWDC_2011/1024_032_IMG_2623.jpg",
              "description": null,
              "time": 1364071588,
              "size": 257611
            },
            "150": {
              "url": "/wwdc-services/cy4p09ns/photos/01_WWDC_2011/150_032_IMG_2623.jpg",
              "description": null,
              "time": 1364071588,
              "size": 32006
            },
            "170": {
              "url": "/wwdc-services/cy4p09ns/photos/01_WWDC_2011/170_032_IMG_2623.jpg",
              "description": null,
              "time": 1364071589,
              "size": 18602
            },
            "2048": {
              "url": "/wwdc-services/cy4p09ns/photos/01_WWDC_2011/2048_032_IMG_2623.jpg",
              "description": null,
              "time": 1364071592,
              "size": 756455
            },
            "340": {
              "url": "/wwdc-services/cy4p09ns/photos/01_WWDC_2011/340_032_IMG_2623.jpg",
              "description": null,
              "time": 1364071589,
              "size": 49117
            },
            "480": {
              "url": "/wwdc-services/cy4p09ns/photos/01_WWDC_2011/480_032_IMG_2623.jpg",
              "description": null,
              "time": 1364071588,
              "size": 82321
            },
            "75": {
              "url": "/wwdc-services/cy4p09ns/photos/01_WWDC_2011/75_032_IMG_2623.jpg",
              "description": null,
              "time": 1364071590,
              "size": 13299
            },
            "960": {
              "url": "/wwdc-services/cy4p09ns/photos/01_WWDC_2011/960_032_IMG_2623.jpg",
              "description": null,
              "time": 1364071591,
              "size": 233224
            }
          },
          {
            "1024": {
              "url": "/wwdc-services/cy4p09ns/photos/01_WWDC_2011/1024_033_IMG_2629.jpg",
              "description": null,
              "time": 1364071590,
              "size": 305438
            },
            "150": {
              "url": "/wwdc-services/cy4p09ns/photos/01_WWDC_2011/150_033_IMG_2629.jpg",
              "description": null,
              "time": 1364071590,
              "size": 33556
            },
            "170": {
              "url": "/wwdc-services/cy4p09ns/photos/01_WWDC_2011/170_033_IMG_2629.jpg",
              "description": null,
              "time": 1364071591,
              "size": 19073
            },
            "2048": {
              "url": "/wwdc-services/cy4p09ns/photos/01_WWDC_2011/2048_033_IMG_2629.jpg",
              "description": null,
              "time": 1364071589,
              "size": 949424
            },
            "340": {
              "url": "/wwdc-services/cy4p09ns/photos/01_WWDC_2011/340_033_IMG_2629.jpg",
              "description": null,
              "time": 1364071591,
              "size": 52811
            },
            "480": {
              "url": "/wwdc-services/cy4p09ns/photos/01_WWDC_2011/480_033_IMG_2629.jpg",
              "description": null,
              "time": 1364071589,
              "size": 92207
            },
            "75": {
              "url": "/wwdc-services/cy4p09ns/photos/01_WWDC_2011/75_033_IMG_2629.jpg",
              "description": null,
              "time": 1364071591,
              "size": 13471
            },
            "960": {
              "url": "/wwdc-services/cy4p09ns/photos/01_WWDC_2011/960_033_IMG_2629.jpg",
              "description": null,
              "time": 1364071588,
              "size": 274203
            }
          },
          {
            "1024": {
              "url": "/wwdc-services/cy4p09ns/photos/01_WWDC_2011/1024_034_IMG_2689.jpg",
              "description": null,
              "time": 1364071588,
              "size": 334868
            },
            "150": {
              "url": "/wwdc-services/cy4p09ns/photos/01_WWDC_2011/150_034_IMG_2689.jpg",
              "description": null,
              "time": 1364071588,
              "size": 35079
            },
            "170": {
              "url": "/wwdc-services/cy4p09ns/photos/01_WWDC_2011/170_034_IMG_2689.jpg",
              "description": null,
              "time": 1364071590,
              "size": 19650
            },
            "2048": {
              "url": "/wwdc-services/cy4p09ns/photos/01_WWDC_2011/2048_034_IMG_2689.jpg",
              "description": null,
              "time": 1364071593,
              "size": 984513
            },
            "340": {
              "url": "/wwdc-services/cy4p09ns/photos/01_WWDC_2011/340_034_IMG_2689.jpg",
              "description": null,
              "time": 1364071590,
              "size": 55182
            },
            "480": {
              "url": "/wwdc-services/cy4p09ns/photos/01_WWDC_2011/480_034_IMG_2689.jpg",
              "description": null,
              "time": 1364071588,
              "size": 98385
            },
            "75": {
              "url": "/wwdc-services/cy4p09ns/photos/01_WWDC_2011/75_034_IMG_2689.jpg",
              "description": null,
              "time": 1364071590,
              "size": 13801
            },
            "960": {
              "url": "/wwdc-services/cy4p09ns/photos/01_WWDC_2011/960_034_IMG_2689.jpg",
              "description": null,
              "time": 1364071592,
              "size": 300980
            }
          },
          {
            "1024": {
              "url": "/wwdc-services/cy4p09ns/photos/01_WWDC_2011/1024_035_IMG_2839.jpg",
              "description": null,
              "time": 1364071588,
              "size": 210270
            },
            "150": {
              "url": "/wwdc-services/cy4p09ns/photos/01_WWDC_2011/150_035_IMG_2839.jpg",
              "description": null,
              "time": 1364071588,
              "size": 29046
            },
            "170": {
              "url": "/wwdc-services/cy4p09ns/photos/01_WWDC_2011/170_035_IMG_2839.jpg",
              "description": null,
              "time": 1364071590,
              "size": 17546
            },
            "2048": {
              "url": "/wwdc-services/cy4p09ns/photos/01_WWDC_2011/2048_035_IMG_2839.jpg",
              "description": null,
              "time": 1364071593,
              "size": 592685
            },
            "340": {
              "url": "/wwdc-services/cy4p09ns/photos/01_WWDC_2011/340_035_IMG_2839.jpg",
              "description": null,
              "time": 1364071590,
              "size": 43123
            },
            "480": {
              "url": "/wwdc-services/cy4p09ns/photos/01_WWDC_2011/480_035_IMG_2839.jpg",
              "description": null,
              "time": 1364071588,
              "size": 70415
            },
            "75": {
              "url": "/wwdc-services/cy4p09ns/photos/01_WWDC_2011/75_035_IMG_2839.jpg",
              "description": null,
              "time": 1364071590,
              "size": 12768
            },
            "960": {
              "url": "/wwdc-services/cy4p09ns/photos/01_WWDC_2011/960_035_IMG_2839.jpg",
              "description": null,
              "time": 1364071592,
              "size": 190938
            }
          },
          {
            "1024": {
              "url": "/wwdc-services/cy4p09ns/photos/01_WWDC_2011/1024_036_IMG_2848.jpg",
              "description": null,
              "time": 1364071588,
              "size": 200838
            },
            "150": {
              "url": "/wwdc-services/cy4p09ns/photos/01_WWDC_2011/150_036_IMG_2848.jpg",
              "description": null,
              "time": 1364071588,
              "size": 25077
            },
            "170": {
              "url": "/wwdc-services/cy4p09ns/photos/01_WWDC_2011/170_036_IMG_2848.jpg",
              "description": null,
              "time": 1364071589,
              "size": 15725
            },
            "2048": {
              "url": "/wwdc-services/cy4p09ns/photos/01_WWDC_2011/2048_036_IMG_2848.jpg",
              "description": null,
              "time": 1364071592,
              "size": 578346
            },
            "340": {
              "url": "/wwdc-services/cy4p09ns/photos/01_WWDC_2011/340_036_IMG_2848.jpg",
              "description": null,
              "time": 1364071589,
              "size": 39138
            },
            "480": {
              "url": "/wwdc-services/cy4p09ns/photos/01_WWDC_2011/480_036_IMG_2848.jpg",
              "description": null,
              "time": 1364071593,
              "size": 63589
            },
            "75": {
              "url": "/wwdc-services/cy4p09ns/photos/01_WWDC_2011/75_036_IMG_2848.jpg",
              "description": null,
              "time": 1364071589,
              "size": 11426
            },
            "960": {
              "url": "/wwdc-services/cy4p09ns/photos/01_WWDC_2011/960_036_IMG_2848.jpg",
              "description": null,
              "time": 1364071591,
              "size": 182088
            }
          },
          {
            "1024": {
              "url": "/wwdc-services/cy4p09ns/photos/01_WWDC_2011/1024_037_IMG_2894.jpg",
              "description": null,
              "time": 1364071590,
              "size": 164723
            },
            "150": {
              "url": "/wwdc-services/cy4p09ns/photos/01_WWDC_2011/150_037_IMG_2894.jpg",
              "description": null,
              "time": 1364071590,
              "size": 23485
            },
            "170": {
              "url": "/wwdc-services/cy4p09ns/photos/01_WWDC_2011/170_037_IMG_2894.jpg",
              "description": null,
              "time": 1364071591,
              "size": 14881
            },
            "2048": {
              "url": "/wwdc-services/cy4p09ns/photos/01_WWDC_2011/2048_037_IMG_2894.jpg",
              "description": null,
              "time": 1364071588,
              "size": 476802
            },
            "340": {
              "url": "/wwdc-services/cy4p09ns/photos/01_WWDC_2011/340_037_IMG_2894.jpg",
              "description": null,
              "time": 1364071591,
              "size": 34583
            },
            "480": {
              "url": "/wwdc-services/cy4p09ns/photos/01_WWDC_2011/480_037_IMG_2894.jpg",
              "description": null,
              "time": 1364071589,
              "size": 55200
            },
            "75": {
              "url": "/wwdc-services/cy4p09ns/photos/01_WWDC_2011/75_037_IMG_2894.jpg",
              "description": null,
              "time": 1364071591,
              "size": 11224
            },
            "960": {
              "url": "/wwdc-services/cy4p09ns/photos/01_WWDC_2011/960_037_IMG_2894.jpg",
              "description": null,
              "time": 1364071588,
              "size": 149200
            }
          },
          {
            "1024": {
              "url": "/wwdc-services/cy4p09ns/photos/01_WWDC_2011/1024_038_IMG_2886.jpg",
              "description": null,
              "time": 1364071590,
              "size": 223454
            },
            "150": {
              "url": "/wwdc-services/cy4p09ns/photos/01_WWDC_2011/150_038_IMG_2886.jpg",
              "description": null,
              "time": 1364071590,
              "size": 28887
            },
            "170": {
              "url": "/wwdc-services/cy4p09ns/photos/01_WWDC_2011/170_038_IMG_2886.jpg",
              "description": null,
              "time": 1364071591,
              "size": 17882
            },
            "2048": {
              "url": "/wwdc-services/cy4p09ns/photos/01_WWDC_2011/2048_038_IMG_2886.jpg",
              "description": null,
              "time": 1364071588,
              "size": 623755
            },
            "340": {
              "url": "/wwdc-services/cy4p09ns/photos/01_WWDC_2011/340_038_IMG_2886.jpg",
              "description": null,
              "time": 1364071591,
              "size": 45944
            },
            "480": {
              "url": "/wwdc-services/cy4p09ns/photos/01_WWDC_2011/480_038_IMG_2886.jpg",
              "description": null,
              "time": 1364071589,
              "size": 72913
            },
            "75": {
              "url": "/wwdc-services/cy4p09ns/photos/01_WWDC_2011/75_038_IMG_2886.jpg",
              "description": null,
              "time": 1364071591,
              "size": 12543
            },
            "960": {
              "url": "/wwdc-services/cy4p09ns/photos/01_WWDC_2011/960_038_IMG_2886.jpg",
              "description": null,
              "time": 1364071588,
              "size": 202817
            }
          },
          {
            "1024": {
              "url": "/wwdc-services/cy4p09ns/photos/01_WWDC_2011/1024_039_IMG_2972.jpg",
              "description": null,
              "time": 1364071589,
              "size": 245254
            },
            "150": {
              "url": "/wwdc-services/cy4p09ns/photos/01_WWDC_2011/150_039_IMG_2972.jpg",
              "description": null,
              "time": 1364071589,
              "size": 29678
            },
            "170": {
              "url": "/wwdc-services/cy4p09ns/photos/01_WWDC_2011/170_039_IMG_2972.jpg",
              "description": null,
              "time": 1364071590,
              "size": 17262
            },
            "2048": {
              "url": "/wwdc-services/cy4p09ns/photos/01_WWDC_2011/2048_039_IMG_2972.jpg",
              "description": null,
              "time": 1364071588,
              "size": 685666
            },
            "340": {
              "url": "/wwdc-services/cy4p09ns/photos/01_WWDC_2011/340_039_IMG_2972.jpg",
              "description": null,
              "time": 1364071590,
              "size": 45663
            },
            "480": {
              "url": "/wwdc-services/cy4p09ns/photos/01_WWDC_2011/480_039_IMG_2972.jpg",
              "description": null,
              "time": 1364071589,
              "size": 77651
            },
            "75": {
              "url": "/wwdc-services/cy4p09ns/photos/01_WWDC_2011/75_039_IMG_2972.jpg",
              "description": null,
              "time": 1364071590,
              "size": 12635
            },
            "960": {
              "url": "/wwdc-services/cy4p09ns/photos/01_WWDC_2011/960_039_IMG_2972.jpg",
              "description": null,
              "time": 1364071592,
              "size": 222127
            }
          },
          {
            "1024": {
              "url": "/wwdc-services/cy4p09ns/photos/01_WWDC_2011/1024_040_IMG_3065.jpg",
              "description": null,
              "time": 1364071589,
              "size": 188021
            },
            "150": {
              "url": "/wwdc-services/cy4p09ns/photos/01_WWDC_2011/150_040_IMG_3065.jpg",
              "description": null,
              "time": 1364071589,
              "size": 25885
            },
            "170": {
              "url": "/wwdc-services/cy4p09ns/photos/01_WWDC_2011/170_040_IMG_3065.jpg",
              "description": null,
              "time": 1364071590,
              "size": 15826
            },
            "2048": {
              "url": "/wwdc-services/cy4p09ns/photos/01_WWDC_2011/2048_040_IMG_3065.jpg",
              "description": null,
              "time": 1364071588,
              "size": 567225
            },
            "340": {
              "url": "/wwdc-services/cy4p09ns/photos/01_WWDC_2011/340_040_IMG_3065.jpg",
              "description": null,
              "time": 1364071590,
              "size": 38615
            },
            "480": {
              "url": "/wwdc-services/cy4p09ns/photos/01_WWDC_2011/480_040_IMG_3065.jpg",
              "description": null,
              "time": 1364071589,
              "size": 62652
            },
            "75": {
              "url": "/wwdc-services/cy4p09ns/photos/01_WWDC_2011/75_040_IMG_3065.jpg",
              "description": null,
              "time": 1364071590,
              "size": 11610
            },
            "960": {
              "url": "/wwdc-services/cy4p09ns/photos/01_WWDC_2011/960_040_IMG_3065.jpg",
              "description": null,
              "time": 1364071593,
              "size": 170218
            }
          },
          {
            "1024": {
              "url": "/wwdc-services/cy4p09ns/photos/01_WWDC_2011/1024_041_B30I0393.jpg",
              "description": null,
              "time": 1364071589,
              "size": 143429
            },
            "150": {
              "url": "/wwdc-services/cy4p09ns/photos/01_WWDC_2011/150_041_B30I0393.jpg",
              "description": null,
              "time": 1364071589,
              "size": 20020
            },
            "170": {
              "url": "/wwdc-services/cy4p09ns/photos/01_WWDC_2011/170_041_B30I0393.jpg",
              "description": null,
              "time": 1364071590,
              "size": 13926
            },
            "2048": {
              "url": "/wwdc-services/cy4p09ns/photos/01_WWDC_2011/2048_041_B30I0393.jpg",
              "description": null,
              "time": 1364071588,
              "size": 549037
            },
            "340": {
              "url": "/wwdc-services/cy4p09ns/photos/01_WWDC_2011/340_041_B30I0393.jpg",
              "description": null,
              "time": 1364071590,
              "size": 28936
            },
            "480": {
              "url": "/wwdc-services/cy4p09ns/photos/01_WWDC_2011/480_041_B30I0393.jpg",
              "description": null,
              "time": 1364071588,
              "size": 44053
            },
            "75": {
              "url": "/wwdc-services/cy4p09ns/photos/01_WWDC_2011/75_041_B30I0393.jpg",
              "description": null,
              "time": 1364071590,
              "size": 10831
            },
            "960": {
              "url": "/wwdc-services/cy4p09ns/photos/01_WWDC_2011/960_041_B30I0393.jpg",
              "description": null,
              "time": 1364071592,
              "size": 128154
            }
          },
          {
            "1024": {
              "url": "/wwdc-services/cy4p09ns/photos/01_WWDC_2011/1024_042_B30I0414.jpg",
              "description": null,
              "time": 1364071588,
              "size": 117343
            },
            "150": {
              "url": "/wwdc-services/cy4p09ns/photos/01_WWDC_2011/150_042_B30I0414.jpg",
              "description": null,
              "time": 1364071588,
              "size": 18511
            },
            "170": {
              "url": "/wwdc-services/cy4p09ns/photos/01_WWDC_2011/170_042_B30I0414.jpg",
              "description": null,
              "time": 1364071590,
              "size": 13065
            },
            "2048": {
              "url": "/wwdc-services/cy4p09ns/photos/01_WWDC_2011/2048_042_B30I0414.jpg",
              "description": null,
              "time": 1364071593,
              "size": 384189
            },
            "340": {
              "url": "/wwdc-services/cy4p09ns/photos/01_WWDC_2011/340_042_B30I0414.jpg",
              "description": null,
              "time": 1364071590,
              "size": 26361
            },
            "480": {
              "url": "/wwdc-services/cy4p09ns/photos/01_WWDC_2011/480_042_B30I0414.jpg",
              "description": null,
              "time": 1364071588,
              "size": 38919
            },
            "75": {
              "url": "/wwdc-services/cy4p09ns/photos/01_WWDC_2011/75_042_B30I0414.jpg",
              "description": null,
              "time": 1364071590,
              "size": 10383
            },
            "960": {
              "url": "/wwdc-services/cy4p09ns/photos/01_WWDC_2011/960_042_B30I0414.jpg",
              "description": null,
              "time": 1364071592,
              "size": 105513
            }
          }
        ]
      }
    ]
  }
}